Bureau of Justice Statistics,,,,,
Filename: cpp15at19.csv,,,,,
"Appendix table 19. Standard errors for table 17: Outcomes of street stops by perception that police behaved properly, 2015",,,,,
"Report title: Contacts Between Police and the Public, 2015  NCJ 251145",,,,,
"Data source: Police-Public Contact Survey, 2015",,,,,
"Authors: Elizabeth Davis and Anthony Whyde, BJS Statisticians, and Lynn Langton, Ph.D., former BJS Statistician",,,,,
Refer questions to: askbjs@usdoj.gov (202) 307-0765,,,,,
Date of version: 10/11/2018,,,,,
,,,,,
"Appendix table 19. Standard errors for table 17: Outcomes of street stops by perception that police behaved properly, 2015",,,,,
Outcome,,Total,,Police behaved properly,
,All street stops,~,,1.95,%
No enforcement action,,2.83,%,2.73,
Any enforcement action,,2.67,,3.89,
,Warning,2.17,,3.64,
,Ticket,1.85,,6.82,
,Search,1.75,,9.58,
,Arrest,1.12,,13.74,
Missing,,2.02,,~,
~Not applicable.,,,,,
"Source: Bureau of Justice Statistics, Police-Public Contact Survey, 2015.",,,,,
