Bureau of Justice Statistics,,,,,,,,,
Filename: cpp15at15.csv,,,,,,,,,
"Appendix table 15. Standard errors for table 13: Outcomes of traffic stops, by reason for stop, 2015",,,,,,,,,
"Report title: Contacts Between Police and the Public, 2015  NCJ 251145",,,,,,,,,
"Data source: Police-Public Contact Survey, 2015",,,,,,,,,
"Authors: Elizabeth Davis and Anthony Whyde, BJS Statisticians, and Lynn Langton, Ph.D., former BJS Statistician",,,,,,,,,
Refer questions to: askbjs@usdoj.gov (202) 307-0765,,,,,,,,,
Date of version: 10/11/2018,,,,,,,,,
,,,,,,,,,
"Appendix table 15. Standard errors for table 13: Outcomes of traffic stops, by reason for stop, 2015",,,,,,,,,
,,,,,,,,,
,,,,Enforcement action,,,,,
Reason for traffic stop,,No enforcement action,,Warning,,Ticket,,Search or arrest,
Police did not give reason,,5.76,%,5.44,%,4.11,%,4.78,%
Police gave reason,,0.58,%,0.88,%,0.95,%,0.32,%
,Speeding,0.37,,1.24,,1.29,,0.34,
,Cellphone violation,2.21,,4.94,,5.16,,0.5,
,Stop sign/light violation,1.42,,2.79,,2.89,,0.93,
,Illegal turn/lane change,1.41,,3.07,,2.98,,1.08,
,Seatbelt violation,2.39,,3.29,,3.74,,1.26,
,Vehicle defect,1.98,,2.39,,2.05,,1.27,
,Record check,3.09,,2.68,,2.53,,0.69,
,Roadside sobriety check,5.95,,4.8,,2.56,,4.11,
,Other,2.76,,2.73,,2.98,,2.15,
,Multiple reasons,2.03,,3.45,,3.29,,2.03,
"Source: Bureau of Justice Statistics, Police-Public Contact Survey, 2015.",,,,,,,,,
