Bureau of Justice Statistics,,,,,,,
Filename: cpp15at18.csv,,,,,,,
"Appendix table 18. Standard errors for table 16: Reasons police gave for street stops, by residents� perception of legitimacy and if police behaved properly, 2015",,,,,,,
"Report title: Contacts Between Police and the Public, 2015  NCJ 251145",,,,,,,
"Data source: Police-Public Contact Survey, 2015",,,,,,,
"Authors: Elizabeth Davis and Anthony Whyde, BJS Statisticians, and Lynn Langton, Ph.D., former BJS Statistician",,,,,,,
Refer questions to: askbjs@usdoj.gov (202) 307-0765,,,,,,,
Date of version: 10/11/2018,,,,,,,
,,,,,,,
"Appendix table 18. Standard errors for table 16: Reasons police gave for street stops, by residents� perception of legitimacy and if police behaved properly, 2015",,,,,,,
,,,,,,,
,,Percent of stopped persons,,,,,
Reason for street stop,,Total,,Reason for stop was legitimate,,Police behaved properly,
,All street stops,~,,2.38,%,1.95,%
No reason given,,1.92,%,6.93,,8.49,
Any reason,,2.57,,2.69,,2.06,
,Suspected you of something,2.38,,5.28,,4.19,
,Matched you to the description of someone they were looking for,1.2,,12.55,,8.54,
,Seeking information about another person,1.97,,3.25,,3.48,
,Investigating a crime,2.13,,6.1,,3.62,
,Providing a service or assistance to you,1.87,,2.84,,1.71,
,Someone you were with matched the description of someone they were looking for or was suspected of something,1.01,,5.25,,10.24,
,Some other reason,2.49,,4.34,,3.79,
Missing,,2.5,,~,,~,
~Not applicable.,,,,,,,
"Source: Bureau of Justice Statistics, Police-Public Contact Survey, 2015.",,,,,,,
