Bureau of Justice Statistics,,,
Filename: cpp15f02.csv,,,
"Figure 2. Percent of U.S. population age 16 or older who had any police contact, by type of most recent contact and reason, 2015",,,
"Report title: Contacts Between Police and the Public, 2015  NCJ 251145",,,
"Data source: Police-Public Contact Survey, 2015",,,
"Authors: Elizabeth Davis and Anthony Whyde, BJS Statisticians, and Lynn Langton, Ph.D., former BJS Statistician",,,
Refer questions to: askbjs@usdoj.gov (202) 307-0765,,,
Date of version: 10/11/2018,,,
,,,
"Figure 2. Percent of U.S. population age 16 or older who had any police contact, by type of most recent contact and reason, 2015",,,
,,,
,Percent of residents,,
U.S. population age 16 or older,,,"53,469,300"
,Police-initiated contact,,44.8
,,Traffic stop: driver,30.3
,,Traffic stop: passenger,7.9
,,Street stop,3
,,Arrest or other/c,3.7
,Traffic accident,,11.6
,Resident-initiated contact,,43.5
,,Reported possible crime/a,25.1
,,Reported non-crime/b,11.7
,,Block watch,3.1
,,Other,3.5
Note: Includes 0.1% of respondents who indicated they had contact with police but did not know what was their most recent contact. See appendix table 9 for standard errors.,,,
"a/Includes residents who reported any kind of crime, disturbance, or suspicious activity to police. ",,,
"b/Includes residents who reported an emergency not perceived to be a crime, such as a medical emergency or a traffic accident in which they were not involved, to police. ",,,
"c/Includes residents who reported an arrest as the sole type of contact with police, occurring outside of the context of a traffic stop, street stop, or traffic accident, such as the police going to a resident�s home or place of work to execute an arrest warrant. A contact that involved arrest as an outcome of another type of contact is counted in the initial type of contact. Also includes residents who were approached by police for any other reason, such as police serving a summons or stopping to assist with car trouble.",,,
"Source: Bureau of Justice Statistics, Police-Public Contact Survey, 2015.",,,
