Bureau of Justice Statistics,,,
Filename: cpp15at09.csv,,,
"Appendix table 9. Standard errors for figure 2: Percent of U.S. population age 16 or older who had any police contact, by type of most recent contact and reason, 2015 ",,,
"Report title: Contacts Between Police and the Public, 2015  NCJ 251145",,,
"Data source: Police-Public Contact Survey, 2015",,,
"Authors: Elizabeth Davis and Anthony Whyde, BJS Statisticians, and Lynn Langton, Ph.D., former BJS Statistician",,,
Refer questions to: askbjs@usdoj.gov (202) 307-0765,,,
Date of version: 10/11/2018,,,
,,,
"Appendix table 9. Standard errors for figure 2: Percent of U.S. population age 16 or older who had any police contact, by type of most recent contact and reason, 2015 ",,,
Reason for most recent contact,,Standard error,
,Any,~,
Police-initiated contact,,0.54,%
,Driver: traffic stop,0.45,
,Passenger: traffic stop,0.26,
,Street stop,0.17,
,Arrest or other,0.18,
Traffic accident,,0.3,%
Resident-initiated contact,,0.52,%
,Reported possible crime,0.41,
,Reported non-crime,0.32,
,Block watch,0.18,
,Other,0.16,
Unknown,,0.02,%
~Not applicable.,,,
"Source: Bureau of Justice Statistics, Police-Public Contact Survey, 2015.",,,
