Bureau of Justice Statistics,,,,,,,
Filename: cpp15at06.csv,,,,,,,
"Appendix table 6. Standard errors for table 5: U.S. residents age 16 or older with police contact, by reason for contact, 2011 and 2015",,,,,,,
"Report title: Contacts Between Police and the Public, 2015  NCJ 251145",,,,,,,
"Data source: Police-Public Contact Survey, 2011 and 2015",,,,,,,
"Authors: Elizabeth Davis and Anthony Whyde, BJS Statisticians, and Lynn Langton, Ph.D., former BJS Statistician",,,,,,,
Refer questions to: askbjs@usdoj.gov (202) 307-0765,,,,,,,
Date of version: 10/11/2018,,,,,,,
,,,,,,,
"Appendix table 6. Standard errors for table 5: U.S. residents age 16 or older with police contact, by reason for contact, 2011 and 2015",,,,,,,
,,,,,,,
,,2011,,,2015,,
Reason for contact,,Number,Percent ,,Number,Percent ,
,Any,"1,955,357�",0.35,%,"998,696",0.3,% 
Police-initiated contact,,"1,163,463",0.26,%,"617,902",0.2,%
,Driver during traffic stop,"871,735",0.22,,"447,052",0.16,
,Passenger during traffic stop,"320,078",0.12,,"223,034",0.08,
,Street stop,"162,768",0.06,,"131,084",0.05,
,Arrested,"123,345",0.05,,"67,043",0.03,
,Other,"205,418",0.07,,"106,102",0.04,
Traffic accident,,"343,960",0.12,%,"216,355",0.08,%
Resident-initiated contact,,"1,071,090",0.26,%,"560,931",0.19,%
,Reported possible crime,"666,599",0.19,,"383,674",0.13,
,Reported non-crime emergency,"439,354",0.15,,"259,485",0.09,
,Block watch,"211,488",0.08,,"117,969",0.05,
,Other,"151,586",0.05,,"105,856",0.04,
"Source: Bureau of Justice Statistics, Police-Public Contact Survey, 2011 and 2015. ",,,,,,,
