Bureau of Justice Statistics,,,,,,,
Filename: cpp15at21.csv,,,,,,,
"Appendix table 21. Standard errors for table 19: Percent of residents who experienced nonfatal threats or use of force during their most recent police-initiated contact or traffic accident, by type of action and whether the force was perceived to be necessary or excessive, 2015",,,,,,,
"Report title: Contacts Between Police and the Public, 2015  NCJ 251145",,,,,,,
"Data source: Police-Public Contact Survey, 2015",,,,,,,
"Authors: Elizabeth Davis and Anthony Whyde, BJS Statisticians, and Lynn Langton, Ph.D., former BJS Statistician",,,,,,,
Refer questions to: askbjs@usdoj.gov (202) 307-0765,,,,,,,
Date of version: 10/11/2018,,,,,,,
,,,,,,,
"Appendix table 21. Standard errors for table 19: Percent of residents who experienced nonfatal threats or use of force during their most recent police-initiated contact or traffic accident, by type of action and whether the force was perceived to be necessary or excessive, 2015",,,,,,,
,Percent of residents who experienced threat or use of force,,,Threat or use of force perceived to be�,,,
Type of force,,,,Necessary,,Excessive,
Threat of force,0.07,%,,~,,9.46,%
Handcuff,0.17,,,4.55,%,3.92,
Push/grab/hit/kick,0.11,,,5.08,,5.81,
Pepper spray,~,,,~,,~,
Shock,0.01,,,~,,~,
Point gun,0.06,,,8.22,,11.35,
~Not applicable.,,,,,,,
"Source: Bureau of Justice Statistics, Police-Public Contact Survey, 2015.",,,,,,,
