Bureau of Justice Statistics,,,,,,,
Filename: cpp15at12.csv,,,,,,,
"Appendix table 12. Standard errors for table 10: Drivers� perceptions of legitimacy of traffic stops and police behavior, by reason given for stop and police behavior, 2015",,,,,,,
"Report title: Contacts Between Police and the Public, 2015  NCJ 251145",,,,,,,
"Data source: Police-Public Contact Survey, 2015",,,,,,,
"Authors: Elizabeth Davis and Anthony Whyde, BJS Statisticians, and Lynn Langton, Ph.D., former BJS Statistician",,,,,,,
Refer questions to: askbjs@usdoj.gov (202) 307-0765,,,,,,,
Date of version: 10/11/2018,,,,,,,
,,,,,,,
"Appendix table 12. Standard errors for table 10: Drivers� perceptions of legitimacy of traffic stops and police behavior, by reason given for stop and police behavior, 2015",,,,,,,
Reason for traffic stop,,Total,,Reason for stop was legitimate,,Police behaved properly,
Police did not give reason,,0.26,%,5.53,%,6.16,%
Police gave reason,,0.38,%,0.66,%,0.43,%
,Speeding,0.89,,0.81,,0.56,
,Vehicle defect,0.54,,1.82,,1.41,
,Record check,0.55,,1.6,,1.55,
,Stop sign/light violation,0.43,,3.03,,1.87,
,Illegal turn/lane change,0.38,,2.77,,1.77,
,Seatbelt violation,0.3,,3.64,,3.3,
,Cellphone violation,0.22,,6.19,,3.54,
,Roadside sobriety check,0.23,,5.41,,4.77,
,Other reason,0.41,,3.41,,2.51,
,Multiple reasons,0.4,,2.34,,2.34,
"Source: Bureau of Justice Statistics, Police-Public Contact Survey, 2015.",,,,,,,
