Bureau of Justice Statistics,,,,,,,,,,,,
Filename: cpp15at08.csv,,,,,,,,,,,,
"Appendix table 8. Standard errors for table 7: Frequency of police contact during prior 12 months for U.S. residents age 16 or older, by type of contact and race/Hispanic origin, 2015",,,,,,,,,,,,
"Report title: Contacts Between Police and the Public, 2015  NCJ 251145",,,,,,,,,,,,
"Data source: Police-Public Contact Survey, 2015",,,,,,,,,,,,
"Authors: Elizabeth Davis and Anthony Whyde, BJS Statisticians, and Lynn Langton, Ph.D., former BJS Statistician",,,,,,,,,,,,
Refer questions to: askbjs@usdoj.gov (202) 307-0765,,,,,,,,,,,,
Date of version: 10/11/2018,,,,,,,,,,,,
,,,,,,,,,,,,
"Appendix table 8. Standard errors for table 7: Frequency of police contact during prior 12 months for U.S. residents age 16 or older, by type of contact and race/Hispanic origin, 2015",,,,,,,,,,,,
,All races/Hispanic origin,,,White ,,,Black,,,Hispanic,,
Type of contact,Number of contacts,Percent with multiple contacts,,Number of contacts,Percent with multiple contacts,,Number of contacts,Percent with multiple contacts,,Number of contacts,Percent with multiple contacts,
Reported possible crime,"583,935",0.57,%,"473,310",0.66,%,"135,266",2.18,%,"156,599",1.65,%
Reported non-crime,,,,,,,,,,,,
emergency,"390,447",0.74,,"318,681",0.8,,"92,179",2.91,,"98,078",2.28,
Driver during traffic stop,"578,227",0.59,,"451,674",0.65,,"165,332",2,,"156,060",1.68,
Passenger during traffic stop,"271,779",0.88,,"204,548",0.96,,"79,104",3.26,,"82,524",1.89,
Street stop,"160,055",1.35,,"108,420",1.49,,"68,649",4.37,,"46,813",3.23,
Traffic accident,"303,874",0.5,,"233,503",0.58,,"84,855",1.27,,"85,994",1.71,
"Source: Bureau of Justice Statistics, Police-Public Contact Survey, 2015.",,,,,,,,,,,,
