Bureau of Justice Statistics,,,
Filename: cpp15f01.csv,,,
"Figure 1. Percent of U.S. population age 16 or older who had any police contact, by type of contact and reason, 2015",,,
"Report title: Contacts Between Police and the Public, 2015  NCJ 251145",,,
"Data source: Police-Public Contact Survey, 2015",,,
"Authors: Elizabeth Davis and Anthony Whyde, BJS Statisticians, and Lynn Langton, Ph.D., former BJS Statistician",,,
Refer questions to: askbjs@usdoj.gov (202) 307-0765,,,
Date of version: 10/11/2018,,,
,,,
"Figure 1. Percent of U.S. population age 16 or older who had any police contact, by type of contact and reason, 2015",,,
,,,
,Percent of residents,,
U.S. population age 16 or older,,,"253,587,400"
Persons age 16 or older with any police contact,,,21.1
,Police-initiated contact,,10.8
,,Traffic stop: driver/a,8.6
,,Traffic stop: passenger,2.4
,,Street stop,1
,,Arrest or other/d,1.1
,Traffic accident,,3.1
,Resident-initiated contact,,10.7
,,Reported possible crime/b,6.7
,,Reported non-crime/c,3.5
,,Block watch,0.9
,,Other,1
Note:  Details may not sum to totals because respondent could indicate yes to multiple reasons. See appendix table 1 for estimates and standard errors.,,,
a/Denominator excludes persons who never drive.,,,
"b/Includes residents who reported any kind of crime, disturbance, or suspicious activity to police.",,,
"c/Includes residents who reported an emergency not perceived to be a crime, such as a medical emergency or a traffic accident in which they were not involved, to police.",,,
"d/Includes residents who reported an arrest as the sole type of contact with police, occurring outside of the context of a traffic stop, street stop, or traffic accident, such as the police going to a resident�s home or place of work to execute an arrest warrant. A contact that involved arrest as an outcome of another type of contact is counted in the initial type of contact.",,,
"Source: Bureau of Justice Statistics, Police-Public Contact Survey, 2015.",,,
