Bureau of Justice Statistics,,,,,,
Filename: cpp15at01.csv,,,,,,
"Appendix table 1. Estimates and standard errors for figure 1: Percent of U.S. population age 16 or older who had any police contact, by type of contact and reason, 2015",,,,,,
"Report title: Contacts Between Police and the Public, 2015  NCJ 251145",,,,,,
"Data source: Police-Public Contact Survey, 2015",,,,,,
"Authors: Elizabeth Davis and Anthony Whyde, BJS Statisticians, and Lynn Langton, Ph.D., former BJS Statistician",,,,,,
Refer questions to: askbjs@usdoj.gov (202) 307-0765,,,,,,
Date of version: 10/11/2018,,,,,,
,,,,,,
"Appendix table 1. Estimates and standard errors for figure 1: Percent of U.S. population age 16 or older who had any police contact, by type of contact and reason, 2015",,,,,,
,,,,Standard error,,
Reason for contact,,Estimate,,Number,Percent,
,Any,"53,469,324",,"998,696",0.3,%
Police-initiated contact,,"27,415,891",,"617,902",0.2,%
,Traffic stop: driver,"19,204,454",,"447,052",0.16,
,Traffic stop: passenger,"5,964,058",,"223,034",0.08,
,Street stop,"2,503,691",,"131,084",0.05,
,Arrest or other,"2,715,329",,"124,763",0.05,
Traffic accident,,"7,950,529",,"216,355",0.08,%
Resident-initiated contact,,"27,060,210",,"560,931",0.19,%
,Reported possible crime,"16,928,086",,"383,674",0.13,
,Reported non-crime,"8,841,928",,"259,485",0.09,
,Block watch,"2,366,182",,"117,969",0.05,
,Other,"2,478,435",,"105,856",0.04,
"Source: Bureau of Justice Statistics, Police-Public Contact Survey, 2015.",,,,,,
